Complete,Stage,Owner,Task,Notes
FALSE,Before arrival,Nobu,"Confirm the start date, degree program, funding or assistantship arrangement, and expected weekly commitment.",
FALSE,Before arrival,Nobu,"Confirm any teaching, research, or service duties associated with the appointment.",
FALSE,Before arrival,Nobu,Identify the initial project and the person responsible for day-to-day training.,
FALSE,Before arrival,Nobu,Prepare a realistic first task that can be completed during the first one or two weeks.,
FALSE,Before arrival,Nobu,"Prepare a desk, computer, basic supplies, and required lab access.",
FALSE,Before arrival,Nobu,"Identify keys, card access, parking, building access, and other logistical needs.",
FALSE,Before arrival,Nobu,Create the project repository under the lab GitHub organization or identify the existing repository.,
FALSE,Before arrival,Nobu,Create the appropriate folders on Auburn-approved shared storage.,
FALSE,Before arrival,Nobu,"Confirm that required enrollment, assistantship, payroll, or other university paperwork is in progress.",
FALSE,Before arrival,Nobu,Send the lab policies and this checklist to the new member.,
FALSE,Before arrival,Nobu,Ask the new member to create a GitHub account and send the username.,
FALSE,Before arrival,Nobu,Schedule the first-day orientation and the first individual meeting.,
FALSE,Before arrival,Nobu,Identify a current lab member or colleague who can provide practical help during the first weeks.,
FALSE,Before arrival,New member,"Complete requested university, enrollment, assistantship, payroll, or international-student paperwork.",
FALSE,Before arrival,New member,Activate Auburn email and other required university accounts.,
FALSE,Before arrival,New member,Create a free personal GitHub account and verify the email address.,
FALSE,Before arrival,New member,Send the GitHub username to Nobu.,
FALSE,Before arrival,New member,Read the lab policies and write down questions.,
FALSE,Before arrival,New member,Share the expected course schedule and general availability.,
FALSE,Before arrival,New member,Confirm the first-day meeting time and location.,
FALSE,Before arrival,New member,"Tell Nobu about any immediate workspace, accessibility, or scheduling need through an appropriate private channel.",
FALSE,First day,Together,"Introduce the new member to current lab members, nearby colleagues, and key departmental staff.",
FALSE,First day,Together,"Tour the office, laboratory, animal rooms, shared facilities, restrooms, break areas, exits, and emergency equipment.",
FALSE,First day,Together,"Discuss the graduate student's role, primary project, initial responsibilities, and expected weekly commitment.",
FALSE,First day,Together,"Discuss how research, coursework, assistantship duties, and professional development will be balanced.",
FALSE,First day,Together,"Discuss communication preferences and which matters should be handled by email, chat, calendar invitation, or in person.",
FALSE,First day,Together,"Discuss expectations for in-person work, remote work, schedule flexibility, and advance notice for absences.",
FALSE,First day,Together,"Review the lab meeting, individual meeting, seminar, and journal-discussion schedule.",
FALSE,First day,Together,Schedule a recurring individual meeting.,
FALSE,First day,Together,"Review how to ask for help, report mistakes, and raise concerns.",
FALSE,First day,Together,"Discuss how feedback will be requested, given, and documented.",
FALSE,First day,Together,"Review the distinction between repository ownership, data ownership, and scholarly credit.",
FALSE,First day,Together,Identify the first task and define what successful completion looks like.,
FALSE,First day,Nobu,"Provide keys, card access, workspace, computer, and basic supplies.",
FALSE,First day,Nobu,Provide emergency and after-hours contact procedures.,
FALSE,First day,Nobu,Explain who to contact when Nobu is unavailable.,
FALSE,First day,Nobu,"Add the new member to relevant calendars, mailing lists, chat spaces, and shared documents.",
FALSE,First day,Nobu,Add the new member to the appropriate GitHub organization team and project repositories.,
FALSE,First day,Nobu,Confirm access to the appropriate Auburn-approved project storage.,
FALSE,First day,Nobu,"Explain any responsibilities for termite care, shared equipment, routine lab maintenance, or teaching support.",
FALSE,First day,New member,"Confirm access to the workspace, computer, Auburn email, shared calendar, and communication channels.",
FALSE,First day,New member,"Bookmark the lab policies, onboarding checklist, project repository, and relevant shared folders.",
FALSE,First day,New member,"Confirm how to report an emergency, injury, equipment failure, or animal-care problem.",
FALSE,First day,New member,Record questions that remain unresolved.,
FALSE,First week,Together,Review which university and project-specific training is required before research begins.,
FALSE,First week,Together,Review the biological question and why the initial project matters.,
FALSE,First week,Together,Review the study organisms and required handling practices.,
FALSE,First week,Together,"Review existing data, protocols, papers, and prior work.",
FALSE,First week,Together,Identify the first deliverable and the skills needed to complete it.,
FALSE,First week,Together,Begin supervised training in the relevant methods.,
FALSE,First week,Together,"Discuss how observations, failed attempts, and protocol changes will be documented.",
FALSE,First week,Together,Discuss preliminary expectations for contributions and authorship without treating them as fixed promises.,
FALSE,First week,Together,"Discuss whether outside collaborations, class projects, or side projects overlap with lab responsibilities or resources.",
FALSE,First week,Nobu,"Verify which Responsible Conduct of Research, CITI, BioRaft, cybersecurity, driver, field-safety, and project-specific training is required.",
FALSE,First week,Nobu,Demonstrate the expected documentation standard.,
FALSE,First week,Nobu,"Show where raw data, processed data, code, outputs, drafts, and large video files are stored.",
FALSE,First week,Nobu,Explain how lab HDDs and other large-data storage are tracked.,
FALSE,First week,Nobu,Check that the new member can access every necessary system.,
FALSE,First week,Nobu,Confirm where the first week's work should be saved.,
FALSE,First week,Nobu,Explain when feedback on the first task will be provided.,
FALSE,First week,Nobu,Check progress before the end of the first week.,
FALSE,First week,New member,Complete the required Auburn and project-specific training before beginning the relevant activity.,
FALSE,First week,New member,Save required training records in the designated Auburn storage location.,
FALSE,First week,New member,Ask Nobu to verify that required training is complete.,
FALSE,First week,New member,Accept the GitHub organization invitation.,
FALSE,First week,New member,Confirm access to the project repository and shared storage.,
FALSE,First week,New member,Confirm that passwords and sensitive information are not stored in GitHub.,
FALSE,First week,New member,Clone the repository or practice editing a Markdown file through the GitHub website.,
FALSE,First week,New member,"Learn how to open an issue, make a commit, and identify the current canonical version of a file.",
FALSE,First week,New member,Create or review the project README.,
FALSE,First week,New member,Begin the first assigned task and document questions or problems.,
FALSE,By the end of the second week,Together,Write a one-page initial project plan or an equivalent project README section.,
FALSE,By the end of the second week,Together,State the central question and the first achievable milestone.,
FALSE,By the end of the second week,Together,"Define the expected first-month output, such as a protocol, pilot data set, figure, analysis, annotated videos, or literature summary.",
FALSE,By the end of the second week,Together,Agree on a regular meeting and communication rhythm.,
FALSE,By the end of the second week,Together,Review whether the expected weekly commitment is realistic alongside courses and assistantship duties.,
FALSE,By the end of the second week,Together,Identify the next skills or training needed.,
FALSE,By the end of the second week,Together,Confirm the location and backup of all work completed so far.,
FALSE,By the end of the second week,Together,"Review repository access, data stewardship, project ownership, authorship, presentation, and publication expectations.",
FALSE,By the end of the second week,Together,"Discuss any difficulties, unclear expectations, or missing resources.",
FALSE,By the end of the second week,Together,Add missing onboarding tasks to this checklist.,
FALSE,By the end of the second week,Together,Schedule the first-month review.,
FALSE,By the end of the second week,Nobu,Review the project folder and repository organization.,
FALSE,By the end of the second week,Nobu,Verify that raw data and working files are backed up.,
FALSE,By the end of the second week,Nobu,Verify completion of required training.,
FALSE,By the end of the second week,Nobu,Provide feedback on the first task.,
FALSE,By the end of the second week,Nobu,Adjust the scope of the initial project if needed.,
FALSE,By the end of the second week,Nobu,Document any project-specific or assistantship expectations not covered by the general lab policies.,
FALSE,By the end of the second week,New member,Demonstrate that the project repository and shared storage can be accessed independently.,
FALSE,By the end of the second week,New member,"Demonstrate where new data, code, notes, and outputs should be saved.",
FALSE,By the end of the second week,New member,Complete or substantially advance the first assigned task.,
FALSE,By the end of the second week,New member,Identify at least one question about the science and one question about the workflow.,
FALSE,By the end of the second week,New member,"Report any software, equipment, access, mentoring, or scheduling problem.",
FALSE,By the end of the first month,Together,Review the first meaningful research product and identify the next milestone.,
FALSE,By the end of the first month,Together,Review whether the meeting schedule and communication practices are working.,
FALSE,By the end of the first month,Together,Identify short-term and long-term skill-development priorities.,
FALSE,By the end of the first month,Together,"Discuss opportunities for presentations, writing, collaboration, teaching, or independent work.",
FALSE,By the end of the first month,Together,Discuss how the initial project may develop into a thesis or dissertation component.,
FALSE,By the end of the first month,Together,"Discuss what part of onboarding was unnecessary, missing, delayed, or confusing.",
FALSE,By the end of the first month,Together,Revise the master onboarding checklist while the experience is still recent.,
FALSE,By the end of the first month,Nobu,Provide written or clearly documented feedback on the first research product.,
FALSE,By the end of the first month,Nobu,Confirm that the next milestone is appropriately scoped.,
FALSE,By the end of the first month,Nobu,Confirm that the student understands immediate assistantship and research priorities.,
FALSE,By the end of the first month,Nobu,"Identify any training, equipment, funding, or mentoring gap that needs action.",
FALSE,By the end of the first month,New member,Complete the first meaningful research product.,
FALSE,By the end of the first month,New member,Update the project README and task list.,
FALSE,By the end of the first month,New member,"Summarize progress, current questions, and the next planned step.",
FALSE,By the end of the first month,New member,Identify skills that require additional training or practice.,
FALSE,By the end of the first month,New member,Provide feedback on the onboarding process.,
FALSE,During the first semester,Together,Confirm current degree requirements using departmental and university documents.,
FALSE,During the first semester,Together,Draft a plan of study showing courses and major milestones over time.,
FALSE,During the first semester,Together,"Discuss assistantship duties, thesis or dissertation research, coursework, and other lab responsibilities.",
FALSE,During the first semester,Together,"Discuss funding duration, fees, benefits, and appointment conditions using current official documents.",
FALSE,During the first semester,Together,Identify possible graduate advisory committee members and a preliminary timeline.,
FALSE,During the first semester,Together,"Establish a system for recording research progress, meeting decisions, and professional-development goals.",
FALSE,During the first semester,Together,Review fellowship and grant opportunities relevant to the student's eligibility and career stage.,
FALSE,During the first semester,Together,Review the current Auburn completion checklist for the degree.,
FALSE,During the first semester,Together,"Discuss expectations for conference participation, presentations, manuscripts, and professional service.",
FALSE,During the first semester,Together,Conduct a first-semester review and identify priorities for the next semester.,
FALSE,During the first semester,Nobu,Explain the expected progression from initial training to greater research independence.,
FALSE,During the first semester,Nobu,"Clarify which milestones are degree requirements, lab expectations, or aspirational goals.",
FALSE,During the first semester,Nobu,Review the student's plan of study and proposed timeline.,
FALSE,During the first semester,Nobu,Discuss likely funding and contingency plans without promising support beyond confirmed commitments.,
FALSE,During the first semester,Nobu,Help identify appropriate committee members and professional-development opportunities.,
FALSE,During the first semester,New member,Complete the departmental assessment pre-test if currently required.,
FALSE,During the first semester,New member,Read the current graduate handbook and degree-completion requirements.,
FALSE,During the first semester,New member,Draft the plan of study and milestone timeline before discussing revisions with Nobu.,
FALSE,During the first semester,New member,"Maintain current research notes, project documentation, and a record of completed training.",
FALSE,During the first semester,New member,"Identify short-term research, technical, writing, and professional-development goals.",
FALSE,During the first semester,New member,Prepare a concise progress summary for the first-semester review.,
FALSE,By the end of the second semester,Together,Form or substantially identify the graduate advisory committee.,
FALSE,By the end of the second semester,Together,Develop and review the research proposal.,
FALSE,By the end of the second semester,Together,Conduct the necessary literature review.,
FALSE,By the end of the second semester,Together,Plan the proposal seminar or committee presentation required for the degree.,
FALSE,By the end of the second semester,Together,"Confirm the remaining coursework, examination, and milestone schedule.",
FALSE,By the end of the second semester,Together,Review whether the thesis or dissertation scope remains feasible.,
FALSE,By the end of the second semester,Nobu,Provide feedback on the research proposal and literature review.,
FALSE,By the end of the second semester,Nobu,Help coordinate the advisory committee and required milestones.,
FALSE,By the end of the second semester,Nobu,"Review project feasibility, available resources, and contingency plans.",
FALSE,By the end of the second semester,New member,Prepare the proposal and literature review in the agreed format.,
FALSE,By the end of the second semester,New member,Contact or meet prospective committee members as agreed with Nobu.,
FALSE,By the end of the second semester,New member,Maintain an updated degree timeline and list of upcoming requirements.,
FALSE,By the end of the second semester,New member,Identify methodological or conceptual gaps that require additional training.,
FALSE,Annual responsibilities,Together,Complete the annual evaluation using the current departmental process.,
FALSE,Annual responsibilities,Together,"Review research progress, mentoring, communication, goals, workload, and concerns.",
FALSE,Annual responsibilities,Together,Update the graduate committee on research progress.,
FALSE,Annual responsibilities,Together,Update the plan of study and degree timeline.,
FALSE,Annual responsibilities,Together,"Review the publication plan, data organization, and project documentation.",
FALSE,Annual responsibilities,Together,"Review funding, assistantship, fellowship, conference, and professional-development plans for the coming year.",
FALSE,Annual responsibilities,Together,Identify priorities and specific milestones for the next 12 months.,
FALSE,Annual responsibilities,Nobu,Provide a clear assessment of progress and expectations for the next year.,
FALSE,Annual responsibilities,Nobu,"Identify resources, collaborations, or additional mentoring that may be needed.",
FALSE,Annual responsibilities,Nobu,Revisit the feasibility and priority of each active project.,
FALSE,Annual responsibilities,Nobu,Document major decisions from the annual review.,
FALSE,Annual responsibilities,New member,"Prepare an annual summary of research products, training, presentations, service, and professional development.",
FALSE,Annual responsibilities,New member,"Update project READMEs, analysis records, and the degree timeline before the annual review.",
FALSE,Annual responsibilities,New member,"Identify accomplishments, barriers, needed support, and proposed priorities for the next year.",
FALSE,Annual responsibilities,New member,Share concerns early rather than waiting for the annual review.,
FALSE,"Fieldwork onboarding, if applicable",Together,"Review the field objective, itinerary, participants, transportation, and communication plan.",
FALSE,"Fieldwork onboarding, if applicable",Together,"Review weather, heat, wildlife, venomous insects, terrain, and other site-specific risks.",
FALSE,"Fieldwork onboarding, if applicable",Together,Review emergency procedures and the location of first-aid supplies.,
FALSE,"Fieldwork onboarding, if applicable",Together,Review collection permits and restrictions.,
FALSE,"Fieldwork onboarding, if applicable",Together,Review the colony and specimen labeling system.,
FALSE,"Fieldwork onboarding, if applicable",Together,"Practice recording date, time, collector, locality, and decimal-degree GPS coordinates.",
FALSE,"Fieldwork onboarding, if applicable",Together,"Review sample transport, temporary storage, and return-to-lab procedures.",
FALSE,"Fieldwork onboarding, if applicable",Together,Confirm responsibility for equipment before departure and after return.,
FALSE,"Fieldwork onboarding, if applicable",Together,"Confirm where field notes, coordinates, photographs, and collection records will be stored.",
FALSE,"Fieldwork onboarding, if applicable",Nobu,"Verify required driver, anaphylaxis, cutting-tool, and other field-safety training.",
FALSE,"Fieldwork onboarding, if applicable",Nobu,"Confirm permits, vehicle arrangements, emergency contacts, and required equipment.",
FALSE,"Fieldwork onboarding, if applicable",Nobu,Confirm that fieldwork expectations are realistic for the new member's experience.,
FALSE,"Fieldwork onboarding, if applicable",New member,Complete all required field-safety training before participating.,
FALSE,"Fieldwork onboarding, if applicable",New member,"Review the itinerary, risks, communication plan, and emergency procedures.",
FALSE,"Fieldwork onboarding, if applicable",New member,Practice the specimen-labeling and field-record systems before departure.,
FALSE,"Fieldwork onboarding, if applicable",New member,"Confirm required clothing, personal supplies, and assigned equipment.",
FALSE,"Fieldwork onboarding, if applicable",New member,"Report any safety, accessibility, health, or travel concern through an appropriate private channel.",
FALSE,Departure and project handoff,Together,Review the status of every active or unfinished project.,
FALSE,Departure and project handoff,Together,"Agree on the publication, authorship, revision, and communication plan for each project.",
FALSE,Departure and project handoff,Together,Confirm how future questions and requests will be handled.,
FALSE,Departure and project handoff,Together,Conduct a final review of the student's experience and suggestions for improving the lab.,
FALSE,Departure and project handoff,Nobu,"Review the departing member's repositories, folders, data, and documentation.",
FALSE,Departure and project handoff,Nobu,Confirm that another person can locate and understand the work.,
FALSE,Departure and project handoff,Nobu,Record the project-handoff and publication plan.,
FALSE,Departure and project handoff,Nobu,"Reassign animal care, experiments, equipment, and routine responsibilities.",
FALSE,Departure and project handoff,Nobu,Remove access that is no longer required.,
FALSE,Departure and project handoff,Nobu,Confirm the return of lab property.,
FALSE,Departure and project handoff,Nobu,"Confirm final assistantship, payroll, enrollment, or appointment actions with the appropriate university office.",
FALSE,Departure and project handoff,New member,"Confirm the final working date and any graduation, payroll, enrollment, or appointment requirements.",
FALSE,Departure and project handoff,New member,"Place all research data, code, notes, protocols, photographs, and drafts in designated lab-owned locations.",
FALSE,Departure and project handoff,New member,Confirm that all lab project repositories are owned by the lab organization.,
FALSE,Departure and project handoff,New member,"Update each project README with current status, instructions, and unresolved problems.",
FALSE,Departure and project handoff,New member,"Document sample identities, animal-care responsibilities, and equipment status.",
FALSE,Departure and project handoff,New member,"Return keys, equipment, storage media, samples, purchasing cards, and other lab property.",
FALSE,Departure and project handoff,New member,Remove personal files and confidential information from shared computers and folders.,
FALSE,Departure and project handoff,New member,Complete the departmental assessment post-test if currently required.,
FALSE,Departure and project handoff,New member,Provide updated contact information through an appropriate private channel.,
